Markup,Part/Library name,Parts Per Package,Reference Designator,TinyCAD Symbol,FreePCB Package,Description,,,,,,,,,,,,,,,,,,,,,
library,gen_Passives,,,,,,,,,,,,,,,,,,,,,,,,,,
header,Name,PPP,Ref,Symbol,Package,Description,,Value,Tol.,P_Max,,,,,,,,,,,Manufacturer,Manufacturer Part,Digi-Key Part,Newark Part,Mouser Part,,Cost
part,R,1,R?,R,,Resistor,,,,,,,,,,,,,,,,,,,,,
header,Name,PPP,Ref,Symbol,Package,Description,,Value,Tol.,I_Max,ESR,,,,,,,,,,Manufacturer,Manufacturer Part,Digi-Key Part,Newark Part,Mouser Part,,Cost
part,L,1,L?,L,,Inductor,,,,,,,,,,,,,,,,,,,,,
part,L_CORE,1,L?,L_CORE,,Inductor w/Core,,,,,,,,,,,,,,,,,,,,,
part,L_CORE_SOFT,1,L?,L_CORE_SOFT,,Inductor w/Soft Core,,,,,,,,,,,,,,,,,,,,,
header,Name,PPP,Ref,Symbol,Package,Description,,Value,Tol.,V_Max,ESR,Material,,,,,,,,,Manufacturer,Manufacturer Part,Digi-Key Part,Newark Part,Mouser Part,,Cost
part,C,1,C?,C,,Capacitor,,,,,,,,,,,,,,,,,,,,,
part,C_ELECTROLYTIC,1,C?,CAP,,Electrolytic Capacitor,,,,,,,,,,,,,,,,,,,,,
header,Name,PPP,Ref,Symbol,Package,Description,,Value_Hi,Value_Low,I_Max,ESR,,,,,,,,,,Manufacturer,Manufacturer Part,Digi-Key Part,Newark Part,Mouser Part,,Cost
part,L_VAR,1,L?,L_VAR,,Variable Inductor,,,,,,,,,,,,,,,,,,,,,
header,Name,PPP,Ref,Symbol,Package,Description,,Value_Hi,Value_Low,P_Max,Progression,,,,,,,,,,Manufacturer,Manufacturer Part,Digi-Key Part,Newark Part,Mouser Part,,Cost
part,R_VAR,1,R?,R_VAR,,Variable Resistor,,,,,,,,,,,,,,,,,,,,,
part,R_POT,1,R?,POT,,Potentiometer,,,,,,,,,,,,,,,,,,,,,
header,Name,PPP,Ref,Symbol,Package,Description,,Value,Tol.,V_Max,ESR,Material,,,,,,,,,Manufacturer,Manufacturer Part,Digi-Key Part,Newark Part,Mouser Part,,Cost
part,C_VAR,1,C?,C_VAR,,Variable Capacitor,,,,,,,,,,,,,,,,,,,,,
part,C_ELECTROLYTIC_VAR,1,C?,CAP_ELEC_VAR,,Variable Electrolytic Capacitor,,,,,,,,,,,,,,,,,,,,,
header,Name,PPP,Ref,Symbol,Package,Description,,I_Trip,I_Hold,T_Trip,R_Off,R_On,Temp_Nom,,,,,,,,Manufacturer Part,Digi-Key Part,Newark Part,Mouser Part,Cost,,
part,R_PTC,1,R?,PTC,,PTC Resettable Fuse,,,,,,,,,,,,,,,,,,,,,
header,Name,PPP,Ref,Symbol,Package,Description,,V_Max,R_Off,R_On,T_Trip,Temp_Nom,,,,,,,,,Manufacturer Part,Digi-Key Part,Newark Part,Mouser Part,Cost,,
part,R_VARISTOR,1,R?,VARISTOR,,Varistor,,,,,,,,,,,,,,,,,,,,,
header,Name,PPP,Ref,Symbol,Package,Description,,Ratio,P_Max,,,,,,,,,,,,Manufacturer Part,Digi-Key Part,Newark Part,Mouser Part,Cost,,
part,T,1,T?,T,,Transformer,,,,,,,,,,,,,,,,,,,,,
header,Name,PPP,Ref,Symbol,Package,Description,,Ratio_1,Ratio_2,P_Max,,,,,,,,,,,Manufacturer Part,Digi-Key Part,Newark Part,Mouser Part,Cost,,
part,T_CT,1,T?,T_CT,,Center-Tap Transformer,,,,,,,,,,,,,,,,,,,,,
part,T_DS,1,T?,T_DS,,Transformer with dual secondary coil,,,,,,,,,,,,,,,,,,,,,
header,Name,PPP,Ref,Symbol,Package,Description,,Freq.,Tol.,Load Cap,,,,,,,,,,,Manufacturer,Manufacturer Part,Digi-Key Part,Newark Part,Mouser Part,,Cost
part,XTAL,1,X?,X,,Crystal,,,,,,,,,,,,,,,,,,,,,
header,Name,PPP,Ref,Symbol,Package,Description,,Freq.,Tol.,,,,,,,,,,,,Manufacturer,Manufacturer Part,Digi-Key Part,Newark Part,Mouser Part,,Cost
part,RESONATOR,1,RES?,RESONATOR,,Resonator,,,,,,,,,,,,,,,,,,,,,
header,Name,PPP,Ref,Symbol,Package,Description,,V_Max,I_Max,,,,,,,,,,,,Manufacturer,Manufacturer Part,Digi-Key Part,Newark Part,Mouser Part,,Cost
part,BUZZER,1,BUZ?,BUZZER,,Buzzer,,,,,,,,,,,,,,,,,,,,,
header,Name,PPP,Ref,Symbol,Package,Description,,V_Max,I_Max,Color,,,,,,,,,,,Manufacturer,Manufacturer Part,Digi-Key Part,Newark Part,Mouser Part,,Cost
part,LAMP,1,LAMP?,LAMP,,Lamp,,,,,,,,,,,,,,,,,,,,,
library,gen_Semiconductors,,,,,,,,,,,,,,,,,,,,,,,,,,
header,Name,PPP,Ref,Symbol,Package,Description,,Pmax,IcMax,VceMax,Hfe,VceSat,VbeSat,HfeSat,,,,,,,Manufacturer,Manufacturer Part,Digi-Key Part,Newark Part,Mouser Part,,Cost
part,PNP,1,Q?,PNP,,PNP Transistor,,,,,,,,,,,,,,,,,,,,,
part,NPN,1,Q?,NPN,,NPN Transistor,,,,,,,,,,,,,,,,,,,,,
part,PNP_DARLINGTON,1,Q?,PNP_DARLINGTON,,PNP BJT Darlington Transistor,,,,,,,,,,,,,,,,,,,,,
part,NPN_DARLINGTON,1,Q?,NPN_DARLINGTON,,NPN BJT Darlington Transistor,,,,,,,,,,,,,,,,,,,,,
header,Name,PPP,Ref,Symbol,Package,Description,,Vf,If,Brightness,Color,,,,,,,,,,Manufacturer,Manufacturer Part,Digi-Key Part,Newark Part,Mouser Part,,Cost
part,LED,1,D?,LED,,Light-Emitting Diode,,,,,,,,,,,,,,,,,,,,,
header,Name,PPP,Ref,Symbol,Package,Description,,Vf,If,Brightness,Color1,Color2,,,,,,,,,Manufacturer,Manufacturer Part,Digi-Key Part,Newark Part,Mouser Part,,Cost
part,LED_BICOLOR_1,1,D?,LED_BICOLOR_1,,Two-color light-emitting diode type 1,,,,,,,,,,,,,,,,,,,,,
part,LED_BICOLOR_2,1,D?,LED_BICOLOR_2,,Two-color light-emitting diode type 2,,,,,,,,,,,,,,,,,,,,,
header,Name,PPP,Ref,Symbol,Package,Description,,Vf,If,Brightness,Color1,Color2,Color3,,,,,,,,Manufacturer,Manufacturer Part,Digi-Key Part,Newark Part,Mouser Part,,Cost
part,LED_TRICOLOR,1,D?,,,Three-color light-emitting diode,,,,,,,,,,,,,,,,,,,,,
header,Name,PPP,Ref,Symbol,Package,Description,,Pmax,IfMax,VrMax,VfMax,Vf,,,,,,,,,Manufacturer,Manufacturer Part,Digi-Key Part,Newark Part,Mouser Part,,Cost
part,D,1,D?,D,,Diode,,,,,,,,,,,,,,,,,,,,,
part,D_SCHOTTKY,1,D?,D_SCHOTTKY,,Schottky diode,,,,,,,,,,,,,,,,,,,,,
header,Name,PPP,Ref,Symbol,Package,Description,,Pmax,IfMax,VrMax,VfMax,Vf,Vr,,,,,,,,Manufacturer,Manufacturer Part,Digi-Key Part,Newark Part,Mouser Part,,Cost
part,D_ZENER,1,D?,D_ZENER,,Zener diode,,,,,,,,,,,,,,,,,,,,,
part,D_TEMP,1,D?,D_TEMP,,Temperature-dependent diode,,,,,,,,,,,,,,,,,,,,,
part,VARACTOR,1,V?,VARACTOR,,Varactor-Varaible capacitance diode,,,,,,,,,,,,,,,,,,,,,
header,Name,PPP,Ref,Symbol,Package,Description,,Pmax,IfMax,IrMax,VrMax,VfMax,Vr,Vf,,,,,,,Manufacturer,Manufacturer Part,Digi-Key Part,Newark Part,Mouser Part,,Cost
part,BIVREG,1,D?,BIVREG,,Bidirectional voltage regulator – opposed zener diodes,,,,,,,,,,,,,,,,,,,,,
header,Name,PPP,Ref,Symbol,Package,Description,,Pmax,IfMax,VrMax,VfMax,Vf,,,,,,,,,Manufacturer,Manufacturer Part,Digi-Key Part,Newark Part,Mouser Part,,Cost
part,BR,1,D?,BR,,Bridge rectifier,,,,,,,,,,,,,,,,,,,,,
header,Name,PPP,Ref,Symbol,Package,Description,,Vmax,Imax,VBO,IBO,Vt,,,,,,,,,Manufacturer,Manufacturer Part,Digi-Key Part,Newark Part,Mouser Part,,Cost
part,DIAC,1,D?,DIAC,,,,,,,,,,,,,,,,,,,,,,,
header,Name,PPP,Ref,Symbol,Package,Description,,Vmax,Imax,Igt,It,Vt,Ih,,,,,,,,Manufacturer,Manufacturer Part,Digi-Key Part,Newark Part,Mouser Part,,Cost
part,TRIAC,1,D?,TRIAC,,,,,,,,,,,,,,,,,,,,,,,
header,Name,PPP,Ref,Symbol,Package,Description,,Vmax,Imax,Igt,It,Vt,Ton,Toff,,,,,,,Manufacturer,Manufacturer Part,Digi-Key Part,Newark Part,Mouser Part,,Cost
part,THYRISTOR_N,1,THY?,THYRISTOR_N,,N-Channel Thyristor,,,,,,,,,,,,,,,,,,,,,
part,THYRISTOR_P,1,THY?,THYRISTOR_P,,P-Channel Thyristor,,,,,,,,,,,,,,,,,,,,,
header,Name,PPP,Ref,Symbol,Package,Description,,Vmax,Imax,Igt,It,Vt,Ton,Toff,,,,,,,Manufacturer,Manufacturer Part,Digi-Key Part,Newark Part,Mouser Part,,Cost
part,PHOTODIODE,1,D?,D_PHOTO,,Photodiode,,,,,,,,,,,,,,,,,,,,,
part,PHOTOTRANSISTOR_NPN,1,Q?,Q_PHOTO_NPN,,NPN Phototransistor,,,,,,,,,,,,,,,,,,,,,
part,PHOTOTRANSISTOR_PNP,1,Q?,Q_PHOTO_PNP,,PNP Phototransistor,,,,,,,,,,,,,,,,,,,,,
part,PHOTOSENSOR,1,,,,Photosensor,,,,,,,,,,,,,,,,,,,,,
part,OPTO_ISOLATOR,1,U?,OPTO_ISO,,Optical Isolator,,,,,,,,,,,,,,,,,,,,,
header,Name,PPP,Ref,Symbol,Package,Description,,Vmax,Imax,Igt,It,Vt,Ton,Toff,,,,,,,Manufacturer,Manufacturer Part,Digi-Key Part,Newark Part,Mouser Part,,Cost
part,N_JFET,1,FET?,N_JFET,,N-Channel JFET,,,,,,,,,,,,,,,,,,,,,
part,N_MOSFET_ENH,1,FET?,NMOSFET_ENH,,Enhancement mode N-channel MOSFET,,,,,,,,,,,,,,,,,,,,,
part,N_MOSFET_DEP,1,FET?,NMOSFET_DEP,,Depletion mode N-channel MOSFET,,,,,,,,,,,,,,,,,,,,,
part,P_JFET,1,FET?,P_JFET,,P-Channel JFET,,,,,,,,,,,,,,,,,,,,,
part,P_MOSFET_ENH,1,FET?,PMOSFET_ENH,,Enhancement mode P-channel MOSFET,,,,,,,,,,,,,,,,,,,,,
part,P_MOSFET_DEP,1,FET?,PMOSFET_DEP,,Depletion mode P-channel MOSFET,,,,,,,,,,,,,,,,,,,,,
library,gen_Power,,,,,,,,,,,,,,,,,,,,,,,,,,
header,Name,PPP,Ref,Symbol,Package,Description,,Vmax,Imax,V_ACMax,I_ACMax,T_Break,,,,,,,,,Manufacturer,Manufacturer Part,Digi-Key Part,Newark Part,Mouser Part,,Cost
part,FUSE,1,F?,FUSE,,Fuse,,,,,,,,,,,,,,,,,,,,,
header,Name,PPP,Ref,Symbol,Package,Description,,Usage,Datasheet,Picture,Voltage,Capacity,R_Int,T_Max,,,,,,,Manufacturer,Manufacturer Part,Digi-Key Part,Newark Part,Mouser Part,,
part,BATTERY,1,B?,BATTERY,,Single-cell battery,,,,,,,,,,,,,,,,,,,,,
header,Name,PPP,Ref,Symbol,Package,Description,,Usage,Datasheet,Picture,Voltage,Capacity,Cell_Voltage,Num_Cells,R_Int,T_Max,,,,,Manufacturer,Manufacturer Part,Digi-Key Part,Newark Part,Mouser Part,,
part,BATTERY_2,1,B?,BATTERY_2,,Multi-cell battery,,,,,,,,,,,,,,,,,,,,,
library,Power,,,,,,,,,,,,,,,,,,,,,,,,,,
header,Name,PPP,Ref,Symbol,Package,Description,,Usage,Datasheet,Picture,Output Voltage,Output Current,Polarization,Input Voltage,Cable Length,Connector,Supply Type,,,,Manufacturer,Manufacturer Part,Digi-Key Part,Newark Part,Mouser Part,,Cost
part,WALL_WART_5V_1A,1,B?,DC_Wall_Wart,,5V 1A Wall wart with 5.1mm x 2.1mm DC jack connector,,,,,5VDC,1A,Positive center,110-120VAC,6 Ft,2.1mm ID x 5.5mm OD 12mm,Switching,,,,CUI Inc,EPS050100-P5RP,T1038-P5RP-ND,,,,7.16
part,DC_POWER_MF,1,B?,DC_POWER_CABLE_MF,,2.1 x 5.5 power cable - 3ft Male-Female,,,,,,,,,,,,,,,Tensility Internation Corp,CA-2216,CP-2216-ND,,,,3.06
library,gen_Logic,,,,,,,,,,,,,,,,,,,,,,,,,,
header,Name,PPP,Ref,Symbol,Package,Description,,VOH,VOL,IOH,IOL,,,,,,,,,,Manufacturer,Manufacturer Part,Digi-Key Part,Newark Part,Mouser Part,,Cost
part,AND_2,1,Q?,AND,,Two-input AND Gate,,,,,,,,,,,,,,,,,,,,,
part,NAND_2,1,Q?,NAND,,Two-Input NAND Gate,,,,,,,,,,,,,,,,,,,,,
part,OR_2,1,Q?,OR,,Two-Input OR Gate,,,,,,,,,,,,,,,,,,,,,
part,NOR_2,1,Q?,NOR,,Two-Input NOR Gate,,,,,,,,,,,,,,,,,,,,,
part,XOR_2,1,Q?,XOR,,Two-Input XOR Gate,,,,,,,,,,,,,,,,,,,,,
part,XNOR_2,1,Q?,XNOR,,Two-Input XNOR Gate,,,,,,,,,,,,,,,,,,,,,
part,BUFFER,1,Q?,BUFFER,,Buffer,,,,,,,,,,,,,,,,,,,,,
part,NOT,1,Q?,NOT,,Inverter,,,,,,,,,,,,,,,,,,,,,
library,gen_Electromechanical,,,,,,,,,,,,,,,,,,,,,,,,,,
header,Name,PPP,Ref,Symbol,Package,Description,,V_Max,I_Max,R_Max,V_Max_AC,I_Max_AC,,,,,,,,,Manufacturer,Manufacturer Part,Digi-Key Part,Newark Part,Mouser Part,,Cost
part,BUZZER,1,B?,BUZZER,,Buzzer,,,,,,,,,,,,,,,,,,,,,
part,SPEAKER,1,SP?,SPEAKER,,,,,,,,,,,,,,,,,,,,,,,
header,Name,PPP,Ref,Symbol,Package,Description,,V_Max,I_Max,R_Arm,L_Arm,V_BEMF,W_Max,T_Max,Tau_Mech,Tau_Elec,,,,,Manufacturer,Manufacturer Part,Digi-Key Part,Newark Part,Mouser Part,,Cost
part,MOTOR_1PHASE,1,M?,MOTOR_1,,Brushed DC motor,,,,,,,,,,,,,,,,,,,,,
part,MOTOR_3PHASE,1,M?,MOTOR_3,,Brushless DC motor,,,,,,,,,,,,,,,,,,,,,
library,gen_Electromechanical_Relays,,,,,,,,,,,,,,,,,,,,,,,,,,
header,Name,PPP,Ref,Symbol,Package,Description,,V_Max,I_Max,R_Max,V_Max_AC,I_Max_AC,V_Coil,I_Coil,V_Coil_Max,I_Coil_Max,P_Coil_Max,,,,Manufacturer,Manufacturer Part,Digi-Key Part,Newark Part,Mouser Part,,Cost
part,RELAY_SPST_NO,1,REL?,RELAY_SPST_NO,,,,,,,,,,,,,,,,,,,,,,,
part,RELAY_SPST_NC,1,REL?,RELAY_SPST_NC,,,,,,,,,,,,,,,,,,,,,,,
part,RELAY_SPDT,1,REL?,RELAY_SPDT,,,,,,,,,,,,,,,,,,,,,,,
part,RELAY_DPST_NO,1,REL?,RELAY_DPST_NO,,,,,,,,,,,,,,,,,,,,,,,
part,RELAY_DPST_NC,1,REL?,RELAY_DPST_NC,,,,,,,,,,,,,,,,,,,,,,,
part,RELAY_DPST_OPP,1,REL?,RELAY_DPST_OPP,,,,,,,,,,,,,,,,,,,,,,,
library,gen_Electromechanical_Switches,,,,,,,,,,,,,,,,,,,,,,,,,,
header,Name,PPP,Ref,Symbol,Package,Description,,V_Max,I_Max,R_Max,V_Max_AC,I_Max_AC,,,,,,,,,Manufacturer,Manufacturer Part,Digi-Key Part,Newark Part,Mouser Part,,Cost
part,MOM_SPST_NC,1,SW?,SW_MOM_SPST_NC,,Normally closed SPST momentary pushbutton,,,,,,,,,,,,,,,,,,,,,
part,MOM_SPST_NO,1,SW?,SW_MOM_SPST_NO,,Normally open SPST momentary pushbutton,,,,,,,,,,,,,,,,,,,,,
part,MOM_DPST_NO,1,SW?,SW_MOM_DPST_NO,,Normally open two-pole on/off momentary switches,,,,,,,,,,,,,,,,,,,,,
part,MOM_DPST_NC,1,SW?,SW_MOM_DPST_NC,,Normally-closed two-pole on/off momentary switches,,,,,,,,,,,,,,,,,,,,,
part,MOM_DPST_OPP,1,SW?,SW_MOM_DPST_OPP,,Two-pole opposed on/off momentary switches,,,,,,,,,,,,,,,,,,,,,
part,MOM_SPDT,1,SW?,SW_MOM_SPDT,,Momentary SPDT pushbutton,,,,,,,,,,,,,,,,,,,,,
part,SWITCH_SPST,1,SW?,SW_SPST,,Single pole normally closed on/off switch,,,,,,,,,,,,,,,,,,,,,
part,SWITCH_SPDT,1,SW?,SW_SPDT,,Selector switch/double throw switch,,,,,,,,,,,,,,,,,,,,,
part,SWITCH_DPST,1,SW?,SW_DPST,,Two-pole normally-open on/off switches,,,,,,,,,,,,,,,,,,,,,
part,SWITCH_DPST_OPP,1,SW?,SW_DPST_OPP,,Two-pole opposed on/off switches (one NO one NC),,,,,,,,,,,,,,,,,,,,,
part,SWITCH_SELECT_3,1,SW?,SW_SP3T,,Three position select switch,,,,,,,,,,,,,,,,,,,,,
part,SWITCH_SELECT_4,1,SW?,SW_SP4T,,Four position select switch,,,,,,,,,,,,,,,,,,,,,
part,SWITCH_SELECT_5,1,SW?,SW_SP5T,,Five position select switch,,,,,,,,,,,,,,,,,,,,,
part,SWITCH_SELECT_6,1,SW?,SW_SP6T,,Six position select switch,,,,,,,,,,,,,,,,,,,,,
part,SWITCH_SELECT_12,1,SW?,SW_SP12T,,Twelve position select switch,,,,,,,,,,,,,,,,,,,,,
part,SWITCH_DIP_8,1,SW?,SW_DIP_8,,8 Position DIP Switch,,,,,,,,,,,,,,,,,,,,,
library,th_Passives,,,,,,,,,,,,,,,,,,,,,,,,,,
header,Name,PPP,Ref,Symbol,Package,Description,,Usage,Datasheet,Picture,R_Max,R_Min,Progression,V_Max,I_Max,,,,,,Manufacturer,Manufacturer Part,Digi-Key Part,Newark Part,Mouser Part,,Cost
part,10K_POT,1,R?,POT,SIPPOT,10K Variable Resistor  3 terminal,,Misc,,,10K,0,Linear,,,,,,,,,,516-1308-ND,,,,0.35
part,POT,1,R?,POT,,Variable resistor  3 terminal,,,,,,,Logarithmic,,,,,,,,,,,,,,
header,Name,PPP,Ref,Symbol,Package,Description,,Usage,Datasheet,Picture,Value,Tol.,V_Max,ESR,Material,,,,,,Manufacturer,Manufacturer Part,Digi-Key Part,Newark Part,Mouser Part,,Cost
part,C,1,C?,C,CK05,Generic Axial Ceramic Capacitor,,,,,,,,,,,,,,,,,,,,,
part,C,1,C?,C,CK05,Generic Radial Ceramic Capacitor,,,,,,,,,,,,,,,,,,,,,
part,C,1,C?,CAP,RAD-248,10uF 50V Radial  Leaded Electrolytic Capacitor,,,,,10uF,,50,,20,,,,,,Panasonic ECG,CE-A1HKS100,P997-ND,,,,0.1
part,C,1,C?,C,CK05,18pF 100V Ceramic Axial Capacitor,,Load capacitor for 12MHz crystal,,,18pF,,100,,5,,,,,,Vishay/BC,A180J15C0GH5TAA,1013PHCT-ND,,,,0.12
part,CAP,1,C?,CAP,RAD-197,Generic Small Radial Electrolytic Capacitor,,,,,,,,,,,,,,,,,,,,,
part,CAP,1,C?,CAP,RAD-248,Generic Large Radial Electrolytic Capacitor,,,,,,,,,,,,,,,,,,,,,,
part,L,1,L?,L,CK05,Generic Inductor,,,,,,,,,,,,,,,,,,,,,,
header,Name,PPP,Ref,Symbol,Package,Description,,Usage,Datasheet,Picture,Value,P_Max,Tol,,,,,,,,Manufacturer,Manufacturer Part,Digi-Key Part,Newark Part,Mouser Part,,Cost,
part,R,1,R?,R,CK12-B,Generic Resistor,,,,,,0.25,5%,,,,,,,,,,,,,,,
header,Name,PPP,Ref,Symbol,Package,Description,,Usage,Datasheet,Picture,I_Hold,I_Trip,V_Max,,T_Trip,R_Off,R_On,Temp_Nom,,,Manufacturer,Manufacturer Part,Digi-Key Part,Newark Part,Mouser Part,,Cost,
part,PTC_.3,1,R?,PTC,CK05,PTC Resettable fuse 300ma hold, 72V,,ATTiny45 Dev Board protection,,,0.3,0.6,72,,2,1.33,,20C,,,Tyco/Raychem,RXEF030,RXEF030-ND,,,,0.36
part,PTC_2.5,1,R?,PTC,CK05,PTC Resettable fuse 2.5A hold 30V,,,,,2.5,,30,,,,,,,,Tyco/Raychem,RUEF250,RUEF250-ND,,,,0.49,
part,PTC_3,1,R?,PTC,CK05,PTC Resettable fuse 3A hold 16V,,,,,3,,16,100,,,,,,,Tyco/Raychem,RGEF300,RGEF300-ND,,,,0.53,
part,PTC_4,1,R?,PTC,CK05,PTC Resettable fuse 4A hold 16V,,,,,4,,16,100,,,,,,,Tyco/Raychem,RGEF400,RGEF400-ND,,,,0.57,
part,PTC_4.5,1,R?,PTC,CK05,PTC Resettable fuse  4.5A hold 16V,,,,,4.5,,16,100,,,,,,,Tyco/Raychem,RHEF450,RHEF450-ND,,,,0.66,
header,Name,PPP,Ref,Symbol,Package,Description,,Usage,Datasheet,Picture,Freq.,Tol.,Load Cap,,,,,,,,Manufacturer,Manufacturer Part,Digi-Key Part,Newark Part,Mouser Part,,Cost,
part,X,1,X?,X,OSCILLATOR,Crystal Oscillator,,Crystal for USB-enabled uCs,,,12MHz,,,,,,,,,,Citizen America Corporation,HC49US12.000MABJ-UB,300-8492-ND,,,,0.54,
part,X,1,X?,X,OSCILLATOR,Precision Crystal Oscillator,,Real-time clocks,,,32.768KHz,,,,,,,,,,ECS Inc,ECS-3X8X,X1123-ND,,,,0.3,
header,Name,PPP,Ref,Symbol,Package,Description,,Capacitance,Tolerance,Voltage - Rated,Operating Temperature,Size / Dimension,Manufacturer,Manufacturer Part Number,Digi-Key Part Number,Min Quantity,Price per min,,,,,,,,,,,
part,CAP_100nF,1,C?,C,CK05,CAP .10UF 25V CERAMIC +80/-20%,,0.1F,0.6,25V,-30C ~ 85C,"0.158"" L x 0.158"" W (4.00mm x 4.00mm)",Vishay/BC Components,K104Z15Y5VE5TH5,BC1154CT-ND,1,0.44,,,,,,,,,,,
header,Name,PPP,Ref,Symbol,Package,Description,,Frequency,Frequency Tolerance,Load Capacitance,Operating Temperature,Type,Manufacturer,Manufacturer Part Number,Digi-Key Part Number,Min Quantity,Price per min,,,,,,,,,,,
part,XTAL_32K768Hz,1,X?,X,XTAL_32k768,CRYSTAL 32.7680KHZ 6.0PF CYL,,32.768kHz,20ppm,6pF,-10C ~ 60C,-,Epson Toyocom Corporation,C-002RX 32.7680K-E:PBFREE,SER3205-ND,1,0.32,,,,,,,,,,
header,Name,PPP,Ref,Symbol,Package,Description,,Inductance,Tolerance,Current,DC Resistance (DCR),Operating Temperature,Type,Manufacturer,Manufacturer Part Number,Digi-Key Part Number,Min Quantity,Price per min,,,,,,,,,
part,L_100nH,1,L?,L,CK05,CHOKE RF CONFORMAL COATED .10UH,,100nH,20%,1.2A,60.00 mOhm Max,-55C ~ 105C,Ferrite Core,JW Miller A Bourns Company,78FR10M-RC,M10147-ND,1,0.3,,,,,,,,,
header,Name,PPP,Ref,Symbol,Package,Description,,Inductance,Tolerance,Current,DC Resistance (DCR),Operating Temperature,Type,Manufacturer,Manufacturer Part Number,Digi-Key Part Number,Min Quantity,Price per min,,,,,,,,,
part,L_10uH_1A2,1,L?,L,CK05,CHOKE RF HI CURRENT 10UH 1.28A,,10H,10%,1.28A,33.00 mOhm Max,-55C ~ 105C,Ferrite Core,JW Miller A Bourns Company,5800-100-RC,M8278-ND,1,1.33,,,,,,,,,
header,Name,PPP,Ref,Symbol,Package,Description,,Frequency,Voltage - Rated,Voltage Range,Current Rating,Type,Size / Dimension,Manufacturer,Manufacturer Part Number,Digi-Key Part Number,Min Quantity,Price per min,,,,,,,,,
part,BUZZER_2K8Hz,1,U?,BUZZER,BUZZER_9MM,BUZZER PIEZO 2.8KHZ 9.0MM,,2.8kHz,10Vp-p,30Vp-p (max),4mA,Piezo Transducer External Drive,Circular - 9mm Dia x 8mm H,CUI Inc,CPE-171,102-1283-ND,1,1.53,,,,,,,,,
library,th_Semiconductors,,,,,,,,,,,,,,,,,,,,,,,,,,
header,Name,PPP,Ref,Symbol,Package,Description,,Usage,Datasheet,Picture,Vmax,Imax,Igt,It,Vt,Ton,Toff,,,,Manufacturer,Manufacturer Part,Digi-Key Part,Newark Part,Mouser Part,,Cost
part,4N25,1,U?,OPTO_ISO,6DIP300,4N25,,General purpose opto-isolator,,,,,,,,,,,,,Fairchild Semiconductor,4N25M,4N25MFS-ND,,,,0.52
header,Name,PPP,Ref,Symbol,Package,Description,,Usage,Datasheet,Picture,Pmax,IfMax,VrMax,VfMax,Vf,,,,,,Manufacturer,Manufacturer Part,Digi-Key Part,Newark Part,Mouser Part,,Cost
part,BR,1,D?,BR,,Bridge Rectifier,,,,,,,,,,,,,,,,,,,,,
part,D1N4004,1,D?,D,DO-41,Rectifier Diode,,General rectifying,,,,,400,1,,,,,,,Vishay/General,1N4004-E3/73,1N4004-E3/73GI-ND,,,,0.05
part,D1N5400,1,D?,D,DO-41,High-Current Rectifier Diode,,High-current rectifying,,,,,50,3,,,,,,,Radio Shack,276-1141,1N5400GOS-ND,,,,0.44
part,D1N4729,1,D?,D,,3.6V Zener Diode,,USB level shifting,,,3.6V,1,,,5,,,,,,Diodes Inc,1N4729A-T,1N4729ADICT-ND,,,,
part,D,1,D?,D,,Generic Small Zener Diode,,,,,,,,,,,,,,,,,,,,,
part,D,1,D?,D,,Generic Small Diode,,,,,,,,,,,,,,,,,,,,,
part,D,1,D?,D,,Generic Large Zener Diode,,,,,,,,,,,,,,,,,,,,,
part,D,1,D?,D,,Generic Large Diode,,,,,,,,,,,,,,,,,,,,,
header,Name,PPP,Ref,Symbol,Package,Description,,Usage,Datasheet,Picture,Vmax,Imax,Igt,It,Vt,Ton,Toff,,,,Manufacturer,Manufacturer Part,Digi-Key Part,Newark Part,Mouser Part,,Cost
part,FET_N,1,F?,FET_N,,N Channel MOSFET,,,,,,,,,,,,,,,,,,,,,
part,FET_P,1,F?,FET_P,,P Channel MOSFET,,,,,,,,,,,,,,,,,,,,,
header,Name,PPP,Ref,Symbol,Package,Description,,Usage,Datasheet,Picture,Vf,If,Brightness,Color,,,,,,,Manufacturer,Manufacturer Part,Digi-Key Part,Newark Part,Mouser Part,,Cost
part,LED,1,D?,LED,LEDT-1.75,Generic Large Radial LED,,,,,,,,,,,,,,,,,,,,,
part,LED,1,D?,LED,LED-T1,Generic Small Radial LED,,,,,,,,,,,,,,,,,,,,,
part,LED_Green,1,D?,LED,LED-T1,Small Green Radial LED,,,,,2V,10mA,,Green,,,,,,,Osram Opto Semiconductors,LG 3330-LP-1-0-10-BULK,475-1399-ND,,,,0.09
part,LED_Red,1,D?,LED,LED-T1,Small Red Radial LED,,,,,1.75V,10mA,,Red,,,,,,,Osram Opto Semiconductors,LH 3344-Q1T2-1-0-10-BULK,475-1415-ND,,,,0.13
part,LED_Orange,1,D?,LED,LED-T1,Small Orange Radial LED,,,,,1.75V,10mA,,Orange,,,,,,,Osram Opto Semiconductors,LO 3360-JM-24-0-10-BULK-,475-1416-ND,,,,0.07
header,Name,PPP,Ref,Symbol,Package,Description,,Usage,Datasheet,Picture,Vf,If,Brightness,Color1,Color2,,,,,,Manufacturer,Manufacturer Part,,Digi-Key Part,Newark Part,Mouser Part,Cost
part,LED_Red_Green,1,D?,LED_BICOLOR_1,LED-T.175,Bicolor LED (Green/Red),,,,,2.0 (red) /2.1 (green),30mA,,Red,Green,,,,,,Radio Shack,276-012,,,,,1.49
part,PHOTO_TRAN,1,D?,PHOTO_TRAN,,Photo-transistor,,,,,,,,,,,,,,,,,,,,,
header,Name,PPP,Ref,Symbol,Package,Description,,Usage,Datasheet,Picture,Pmax,IcMax,VceMax,Hfe,VceSat,VbeSat,HfeSat,,,,Manufacturer,Manufacturer Part,Digi-Key Part,Newark Part,Mouser Part,,Cost
part,Q,1,Q?,PNP,TO-3,Generic PNP TO-3 Transistor,,,,,,,,,,,,,,,,,,,,,
part,Q,1,Q?,NPN,TO-3,Generic NPN TO-3 Transistor,,,,,,,,,,,,,,,,,,,,,
part,Q,1,Q?,PNP,TO-92,Generic PNP TO-92 Transistor,,,,,,,,,,,,,,,,,,,,,
part,Q,1,Q?,NPN,TO-92,Generic NPN TO-92 Transistor,,,,,,,,,,,,,,,,,,,,,
part,Q,1,Q?,PNP,TO-220,Generic PNP TO-220 Transistor,,,,,,,,,,,,,,,,,,,,,
part,Q,1,Q?,NPN,TO-220,Generic NPN TO-220 Transistor,,,,,,,,,,,,,,,,,,,,,
part,Q_TIP120,1,Q?,NPN_DARLINGTON,TO-220,NPN Darlington Transistor Array (IB/IC=250),,Power switching,,,2,5,60,,,,,,,,Fairchild Semiconductor,TIP120,TIP120-ND,,,,0.56
part,Q_TIP125,1,Q?,PNP_DARLINGTON,TO-220,PNP Darlington Transistor Array,,Power switching,,,2,5,60,,,,,,,,Fairchild Semiconductor,TIP125TU,TIP125TU-ND,,,,0.58
part,Q_2N2222,1,Q?,NPN,TO-92,NPN Transistor,,General switching,,,0.63,0.6,40,,,,,,,,ON Semiconductor,P2N2222AG,P2N2222AGOS-ND,,,,0.36
part,Q_2N3055G,1,Q?,NPN,TO-3,NPN Power Transistor,,Power amplifier power supplies,,,115,15,60,,,,,,,,STMIcroelectronics,2N3055,497-2612-5-ND,,,,1.68
part,Q_2N3906,1,Q?,PNP,TO-92,PNP Transistor,,General switching,,,0.63,0.2,40,,,,,,,,Fairchild Semiconductor,2N3906TFR,2N3906D26ZCT-ND,,,,0.17
part,Q_2N3904,1,Q?,NPN,TO-92,NPN Transistor,,General switching,,,0.63,0.2,40,,,,,,,,Fairchild Semiconductor,2N3904TFR,2N3904D26ZCT-ND,,,,0.19
part,Q_2N4403,1,Q?,NPN,TO-92,NPN Transistor,,General switching,,,0.63,0.6,40,,,,,,,,Fairchild Semiconductor,2N4403BU,2N4403-ND,,,,0.13
part,Q_2N4401,1,Q?,PNP,TO-92,PNP Transistor,,General switching,,,0.63,0.6,40,,,,,,,,Fairchild Semiconductor,2N4401BU,2N4401-ND,,,,0.12
library,th_IC_Vreg,,,,,,,,,,,,,,,,,,,,,,,,,,
header,Name,PPP,Ref,Symbol,Package,Description,,Usage,Datasheet,Picture,V_Out_Nom,V_Out_Tol,Current,P_Max,,,,,,Manufacturer,Manufacturer Part,Digi-Key Part,Newark Part,Mouser Part,Cost,,
part,Lt 1370,1,U?,Lt 1370,TO-220-7,12V Switching regulator,,Switching regulator,,,12,,6,,,,,,,,Linear Technologies,LT1370CT7,LT1370CT7#PBF-ND,,,,11.88
part,LM7805,1,U?,LM7800,TO-220,+5V 1A Fixed Voltage Regulator,,,,,5V,,1,,,,,,,,Fairchild Semiconductor,LM7805CT,LM7805CT-ND,,,,0.47
part,LM78xx,1,U?,LM7800,TO-220,xxV 1A Fixed Voltage Regulator,,,,,,,,,,,,,,,,,,,,,
part,LM317,1,U?,LM317,TO-220,Variable Voltage Regulator 1.5A,,,,,1.25V-37V,,1.5,,,,,,,,Fairchild Semiconductor,LM317T,LM317TFS-ND,,,,0.48
part,LM317,1,U?,LM317,TO-92,Variable Voltage Regulator 100mA,,,,,1.25V-37V,,0.1,,,,,,,,Fairchild Semiconductor,LM317/NOPB,LM317LZNS-ND,,,,0.84
library,th_IC_Transceivers,,,,,,,,,,,,,,,,,,,,,,,,,,
header,Name,PPP,Ref,Symbol,Package,Description,,Usage,Datasheet,,,,,,,,,,,,Manufacturer,Manufacturer Part,Digi-Key Part,Newark Part,Mouser Part,,Cost
part,MAX232,1,U?,MAX232_DIP,16DIP300,Dual Full-Duplex RS232 Transceiver,,,,,,,,,,,,,,,Texas Instruments,MAX232N,296-1402-5-ND,,,,0.9
part,MAX490,1,U?,MAX490_DIP,8DIP300,Full-Duplex RS-422 Transceiver,,,,,,,,,,,,,,,Maxim Integrated Products,MAX490CPA+,MAX490CPA+-ND,,,,2.81
library,th_IC_Comparators,,,,,,,,,,,,,,,,,,,,,,,,,,
header,Name,PPP,Ref,Symbol,Package,Description,,Usage,Datasheet,,,,,,,,,,,,Manufacturer,Manufacturer Part,Digi-Key Part,Newark Part,Mouser Part,,Cost
part,LM339,1,U?,LM339,14DIP300,Quad Comparator,,,,,,,,,,,,,,,Fairchild Semiconductor,LM339N,LM339NFS-ND,,,,0.47
library,th_IC_OpAmps,,,,,,,,,,,,,,,,,,,,,,,,,,
header,Name,PPP,Ref,Symbol,Package,Description,,Usage,Datasheet,,,,,,,,,,,,Manufacturer,Manufacturer Part,Digi-Key Part,Newark Part,Mouser Part,,Cost
part,LM324,1,U?,LM324,14DIP300,Uni/Bipolar  Op-Amp,,,,,,,,,,,,,,,Fairchild Semiconductor,LM324N,LM324NFS-ND,,,,0.4
library,th_uCs,,,,,,,,,,,,,,,,,,,,,,,,,,
header,Name,PPP,Ref,Symbol,Package,Description,,Usage,Datasheet,,,,,,,,,,,,Manufacturer,Manufacturer Part,Digi-Key Part,Newark Part,Mouser Part,,Cost
part,ATTiny2313,1,U?,ATTiny2313,20DIP300,AVR MCU 4K 20MHz,,,,,,,,,,,,,,,Atmel,ATTINY2313-20PU,ATTINY2313-20PU-ND,,,,2.26
part,ATTiny45,1,U?,ATTINYX5_DIP_SOIC,8DIP300,AVR MCU 2K,,,,,,,,,,,,,,,Atmel,ATTINY45-20PU,ATTINY45-20PU-ND,,,,2.13
library,sm_IC_Transceivers,,,,,,,,,,,,,,,,,,,,,,,,,,
header,Name,PPP,Ref,Symbol,Package,Description,,Usage,Datasheet,,,,,,,,,,,,Manufacturer,Manufacturer Part,Digi-Key Part,Newark Part,Mouser Part,,Cost
part,FT232RL,1,U?,FT232RL,SSOP-28-2,1 Channel RS232->USB,,,,,,,,,,,,,,,FTDI,FT232RL,604-00043-ND,,,,4.02
library,pm_Indicators,,,,,,,,,,,,,,,,,,,,,,,,,,
header,Name,PPP,Ref,Symbol,Package,Description,,Usage,Datasheet,Picture,Vf,If,Brightness,Color,Mounting Hole,,,,,,Manufacturer,Manufacturer Part,Digi-Key Part,Newark Part,Mouser Part,,Cost
part,LED_PM_Green_12V,1,D?,LED,,Panel Mount Green LED (12V),,,,,12,0.02,,Green,,,,,,,Radio Shack,276-271  ,,,,,1.99
part,LED_PM_Yellow_12V,1,D?,LED,,Panel Mount Yellow LED (12V),,,,,12,0.02,,Yellow,,,,,,,Radio Shack,276-272,,,,,1.99
part,LED_PM_Red_5V,1,D?,LED,,Panel Mount Red LED (5V),,,,,5,0.01,,Red,".25""",,,,,,CML Innovative Technologies,5102H1-5V,L10021-ND,,,,1.86
part,LED_PM_Green_5V,1,D?,LED,,Panel Mount Green LED (5V),,,,,5,0.012,,Green,".25""",,,,,,CML Innovative Technologies,5102H5-5V,L10025-ND,,,,1.86
part,LED_PM_Amber_5V,1,D?,LED,,Panel Mount Amber LED (5V),,,,,5,0.01,,Amber,".25""",,,,,,CML Innovative Technologies,5102H3-5V,L10023-ND,,,,1.86
library,pm_Connectors,,,,,,,,,,,,,,,,,,,,,,,,,,
header,Name,PPP,Ref,Symbol,Package,Description,,Usage,Datasheet,,,,,,,,,,,,Manufacturer,Manufacturer Part,Digi-Key Part,Newark Part,Mouser Part,,Cost
part,DC_JACK_PM_SW_RS,1,K?,PJ102AH,,Dc Power Jack 2.1x5.5mm Panel Mount w/Switch Coaxial Size M,,,,,,,,,,,,,,,Radio Shack,274-1582,,,,,2.99
part,DC_JACK_PM_SW_DK,1,K?,PJ102AH,,Dc Power Jack 2.1x5.5mm Panel Mount w/Switch Coaxial Size M Switched,,,,,,,,,,,,,,,CUI Inc,PJ-005A,CP-5-ND,,,,1.95
part,POST_PM,1,K?,POST,,Panel mount banana plug post,,,,,,,,,,,,,,,Radio Shack,274-661  ,,,,,1
part,DB37M_SOLDER_CUP,1,K?,DB37,,Panel-mount DB37 male connector with solder-cup connections and 4-40 mounting holes,,,,,,,,,,,,,,,Norcomp,171-037-102L021,2237MER-ND,,,,3.42
library,cm_Connectors,,,,,,,,,,,,,,,,,,,,,,,,,,
header,Name,PPP,Ref,Symbol,Package,Description,,Usage,Datasheet,,,,,,,,,,,,Manufacturer,Manufacturer Part,Digi-Key Part,Newark Part,Mouser Part,,Cost
part,MF_2_HOUSE_FEMALE,1,K?,MF_2_FEMALE,,Molex Micro-Fit 2-position power connector female cable housing,,,,,,,,,,,,,,,Molex,430200200,WM1777-ND,,,,0.48
part,MF_2_RECEP_MALE,1,K?,MF_2_MALE,,Molex Micro-Fit 2-position power connector male cable receptacle,,,,,,,,,,,,,,,Molex,430250200,WM1783-ND,,,,0.48
library,th_Connectors,,,,,,,,,,,,,,,,,,,,,,,,,,
header,Name,PPP,Ref,Symbol,Package,Description,,Usage,Datasheet,,,,,,,,,,,,Manufacturer,Manufacturer Part,Digi-Key Part,Newark Part,Mouser Part,,Cost
part,DB9F-90,1,K?,DB9X90,DB9F-90,9 Pin Female D-Sub Right-Angle,,RS232 connector,,,,,,,,,,,,,Tyco Electronics AMP,1734354-1,A35107-ND,,,,1.76
part,DB9M-90,1,K?,DB9X90,DB9M-90,9 Pin Male D-Sub Right-Angle,,RS232 connector,,,,,,,,,,,,,Tyco Electronics AMP,1734351-1,A35105-ND,,,,1
part,DC_JACK_PJ102AH,1,K?,PJ102AH,PJ102A,DC Power Jack 2.1x5.5mm High Current,,,,,,,,,,,,,,,CUI Inc,PJ-102AH,CP-102AH-ND,,,,0.42
part,POST,1,K?,POST,HOLE_125_RND_250,Post for banana plugs,,,,,,,,,,,,,,,,,,,,,
part,USBB,1,K?,USBB,USBB_2,USB B Type Receptacle,,,,,,,,,,,,,,,FCI,61729-0010BLF,609-1039-ND,,,,1.04
part,STB_3_S,1,K?,STB_3,STB_3_S,.1 pitch 3 position screw-terminal block,,,,,,,,,,,,,,,Tyco Electronics AMP,282834-3,A98334-ND,,,,0.98
part,STB_2_S,1,K?,STB_2,STB_2_S,.1 pitch 2 position screw-terminal block,,,,,,,,,,,,,,,Tyco Electronics AMP,282834-2,A98333-ND,,,,0.65
part,STB_3_M,1,K?,STB_3,STB_3_M,.15 pitch 3 position screw-terminal block,,,,,,,,,,,,,,,,,,,,,
part,STB_2_M,1,K?,STB_2,STB_2_M,.15 pitch 2 position screw-terminal block,,,,,,,,,,,,,,,,,,,,,
part,STB_3_L,1,K?,STB_3,STB_3_L,.2 pitch 3 position screw-terminal block,,,,,,,,,,,,,,,Molex,395443003,WM7854-ND,,,,1.98
part,STB_2_L,1,K?,STB_2,STB_2_L,.2 pitch 2 position screw-terminal block,,,,,,,,,,,,,,,Molex,395443002,WM7853-ND,,,,1.32
part,MF_2_PCB_FEMALE,1,K?,MF_2_FEMALE,,Molex Micro-Fit 2-position power connector female PCB housing,,,,,,,,,,,,,,,Molex,430450200,WM1813-ND,,,,1.27
part,DB37_RIGHT_ANGLE,1,K?,DB37,DB37M-90,Right-angle DB37 male connector,,,,,,,,,,,,,,,Norcomp,182-037-113R531,182-37ME-ND,,,,3.39
part,MOLEX_FRICTION_8,1,K?,MOLEX_TH_KEYED,molex_friction_8_pos,Keyed friction-lock through-hole connector,,,,,,,,,,,,,,,Molex,26-048-1085,,,,,
library,pm_Electromechanical,,,,,,,,,,,,,,,,,,,,,,,,,,
header,Name,PPP,Ref,Symbol,Package,Description,,Usage,Datasheet,Picture,Value,Power,Voltage,Current,Tolerance,,,,,,Manufacturer,Manufacturer Part,Digi-Key Part,Newark Part,Mouser Part,,Cost
part,SPDT_ROCKER_SW,1,SW?,SW_SPDT,,SPDT Heavy Duty Rocker Switch,,,,,,,125VAC,6,,,,,,,Radio Shack,276-272,,,,,3.99
part,BUTTON_PM_SPST,1,SW?,SW_SPST,,Momentary panel-mount SPST switch,,,,,,,125VAC,0.5,,,,,,,Radio Shack,275-1547,,,,,3.49
part,PUSHBUTTON_MOM_BLACK,1,SW?,SW_MOM_SPST_NC,,Momentary panel-mount pushbutton normally closed black,,,,,,,125VAC,3,,,,,,,E-Switch,RP3502BBLK,EG1929-ND,,,,2.76
part,PUSHBUTTON_MOM_RED,1,SW?,SW_MOM_SPST_NC,,Momentary panel-mount pushbutton normally closed red,,,,,,,125VAC,3,,,,,,,E-Switch,RP3502BRED,EG1931-ND,,,,2.76
library,th_Electromechanical,,,,,,,,,,,,,,,,,,,,,,,,,,
header,Name,PPP,Ref,Symbol,Package,Description,,Usage,Datasheet,Picture,,,,,,,,,,,Manufacturer,Manufacturer Part,Digi-Key Part,Newark Part,Mouser Part,,Cost
part,TACT_BUTTON,1,SW?,SW_MOM_DPST_NO,TACTBUTT,Tactile Momentary Switch 6mm 160GF,,,,,,,,,,,,,,,E-Switch,TL1105F160Q,EG1827-ND,,,,0.23
part,SPDTSW,1,SW?,SW_SPDT,SPDTSW_2,SPDT 2pos Mini Slide Switch,,,,,,,,,,,,,,,,,450-1602-ND,,,,1.8
library,th_Headers,,,,,,,,,,,,,,,,,,,,,,,,,,
header,Name,PPP,Ref,Symbol,Package,Description,,Usage,Datasheet,Picture,,,,,,,,,,,Manufacturer,Manufacturer Part,Digi-Key Part,Newark Part,Mouser Part,,Cost
part,AVR_ISP_6,1,H?,AVR_ISP_6,3X2HDR-100,,,,,,,,,,,,,,,,,,,,,,
part,TP,1,TP?,TP,TP-2S-L,Through-hole low-profile compact test point,,,,,,,,,,,,,,,Keystone Inc,5006,5006K-ND,,,,0.32
part,TP_HP,1,TP?,TP,TP-2S-L,Through-hole high-profile multipurpose test point,,,,,,,,,,,,,,,Keystone Inc,5011,5011K-ND,,,,0.32
part,JUMPER,1,H?,HDR_2_1,1X2HDR-100,Single-position through-hole jumper,,,,,,,,,,,,,,,,,,,,,
part,1x1_HDR,1,H?,HDR_1,1X1HDR-100,1x1 .1 in pitch through-hole header (male or female),,,,,,,,,,,,,,,,,,,,,
part,2x1_HDR,1,H?,HDR_2_1,1X2HDR-100,2x1 .1 in pitch through-hole header (male or female),,,,,,,,,,,,,,,,,,,,,
part,3x1_HDR,1,H?,HDR_3_1,3SIP100,3x1 .1 in pitch through-hole header (male or female),,,,,,,,,,,,,,,,,,,,,
part,4x1_HDR,1,H?,HDR_4_1,4SIP100,4x1 .1 in pitch through-hole header (male or female),,,,,,,,,,,,,,,,,,,,,
part,5x1_HDR,1,H?,HDR_5_1,5SIP100,5x1 .1 in pitch through-hole header (male or female),,,,,,,,,,,,,,,,,,,,,
part,6x1_HDR,1,H?,HDR_6_1,6SIP100,6x1 .1 in pitch through-hole header (male or female),,,,,,,,,,,,,,,Molex,90120-0126,WM8076-ND,,,,0.62
part,7x1_HDR,1,H?,HDR_7_1,7SIP100,7x1 .1 in pitch through-hole header (male or female),,,,,,,,,,,,,,,,,,,,,
part,8x1_HDR,1,H?,HDR_8_1,8SIP100,8x1 .1 in pitch through-hole header (male or female),,,,,,,,,,,,,,,Molex,90120-0128,WM8078-ND,,,,0.82
part,9x1_HDR,1,H?,HDR_9_1,9SIP100,9x1 .1 in pitch through-hole header (male or female),,,,,,,,,,,,,,,,,,,,,
part,10x1_HDR,1,H?,HDR_10_1,10SIP100,10x1 .1 in pitch through-hole header (male or female)
part,22x1_HDR,1,H?,,22SIP100,22x1 .1 in pitch through-hole header (male or female)
part,24x1_HDR,1,H?,,24SIP100,22x1 .1 in pitch header through-hole (male or female)
part,1x2_HDR,1,H?,,1X2HDR-100,1x2 .1 in pitch through-hole header (male or female)
part,2x2_HDR,1,H?,,2X2HDR-100,2x2 .1 in pitch through-hole header (male or female)
part,3x2_HDR,1,H?,,3X2HDR-100,3x2 .1 in pitch through-hole header (male or female)
part,4x2_HDR,1,H?,,4X2HDR-100,4x2 .1 in pitch through-hole header (male or female)
part,5x2_HDR,1,H?,HDR_5_2,5X2HDR-100,5x2 .1 in pitch through-hole header (male or female)
part,6x2_HDR,1,H?,,6X2HDR-100,6x2 .1 in pitch through-hole header (male or female)
part,7x2_HDR,1,H?,,7X2HDR-100,7x2 .1 in pitch through-hole header (male or female)
part,8x2_HDR,1,H?,,8X2HDR-100,8x2 .1 in pitch through-hole header (male or female)
part,9x2_HDR,1,H?,,9X2HDR-100,9x2 .1 in pitch through-hole header (male or female)
part,10x2_HDR,1,H?,,10X2HDR-100,10x2 .1 in pitch through-hole header (male or female)
part,11x2_HDR,1,H?,,11X2HDR-100,11x2 .1 in pitch through-hole header (male or female)
part,12x2_HDR,1,H?,,12X2HDR-100,12x2 .1 in pitch through-hole header (male or female)
part,13x2_HDR,1,H?,,13X2HDR-100,13x2 .1 in pitch through-hole header (male or female)
part,14x2_HDR,1,H?,,14X2HDR-100,14x2 .1 in pitch through-hole header (male or female),,,,,,,,,,,,,,,,,,,,,
part,15x2_HDR,1,H?,,15X2HDR-100,15x2 .1 in pitch through-hole header (male or female),,,,,,,,,,,,,,,,,,,,,
part,16x2_HDR,1,H?,,16X2HDR-100,16x2 .1 in pitch through-hole header (male or female),,,,,,,,,,,,,,,,,,,,,
part,17x2_HDR,1,H?,,17X2HDR-100,17x2 .1 in pitch through-hole header (male or female),,,,,,,,,,,,,,,,,,,,,
part,18x2_HDR,1,H?,,18X2HDR-100,18x2 .1 in pitch through-hole header (male or female),,,,,,,,,,,,,,,,,,,,,
part,19x2_HDR,1,H?,,19X2HDR-100,19x2 .1 in pitch through-hole header (male or female),,,,,,,,,,,,,,,,,,,,,
part,20x2_HDR,1,H?,,20X2HDR-100,20x2 .1 in pitch through-hole header (male or female),,,,,,,,,,,,,,,,,,,,,
part,21x2_HDR,1,H?,,21X2HDR-100,21x2 .1 in pitch through-hole header (male or female),,,,,,,,,,,,,,,,,,,,,
part,22x2_HDR,1,H?,,22X2HDR-100,22x2 .1 in pitch through-hole header (male or female),,,,,,,,,,,,,,,,,,,,,
part,23x2_HDR,1,H?,,23X2HDR-100,23x2 .1 in pitch through-hole header (male or female),,,,,,,,,,,,,,,,,,,,,
part,24x2_HDR,1,H?,,24X2HDR-100,24x2 .1 in pitch through-hole header (male or female),,,,,,,,,,,,,,,,,,,,,
part,25x2_HDR,1,H?,,25X2HDR-100,25x2 .1 in pitch through-hole header (male or female),,,,,,,,,,,,,,,,,,,,,
library,Mechanical,,,,,,,,,,,,,,,,,,,,,,,,,,
header,Name,PPP,Ref,Symbol,Package,Description,,Usage,Datasheet,Picture,Length,Width,Height,Material,Color,,,,,,Manufacturer,Manufacturer Part,Digi-Key Part,Newark Part,Mouser Part,,Cost
part,PROJECT_BOX_8_6_3,1,MECH?,ENCLOSURE,,"8""x6""x3"" Project Box",,,,,,,,,,,,,,,Radio Shack,270-1809,,,,,6.99
part,ENCLOSURE,1,MECH?,ENCLOSURE,,Custom or generic enclosure,,,,,,,,,,,,,,,,,,,,,
part,ENCLOSURE_7.6_4.6_2.37,1,MECH?,ENCLOSURE,,"7.6"" X 4.6"" X 2.37"" Black plastic enclosure",,,,,"7.6""","4.6""","2.37""",Plastic,Black,,,,,,Bud Industries,CU-3284,377-1219-ND,,,,11.1
part,ENCLOSURE_AWESOME,1,MECH?,ENCLOSURE,,,,,,,,,,,,,,,,,Bud Industries,PC-11645,377-1571-ND,,,,13.7
part,STANDOFF,1,MECH?,STANDOFF,HOLE_125_RND_250,Generic standoff,,,,,,,,,,,,,,,,,,,,,
part,METAL_STANDOFF,4,MECH?,STANDOFF,HOLE_125_RND_250,Metal standoffs w/screws - 11/16 in height,,,,,,,,,,,,,,,Radio Shack,276-195,,,,,1.79
part,MF_STANDOFF_1/2_IN,1,MECH?,STANDOFF,HOLE_125_RND_250,"Hex standoff - .5"" between boards male/female 4-40 thread .25"" wide",,,,,,,,,,,,,,,Keystone Electronics,8401,8401K-ND,,,,0.596
part,MF_STANDOFF_1_IN,1,MECH?,STANDOFF,HOLE_125_RND_250,"Hex standoff - 1"" between boards male/female 4-40 thread .25"" wide",,,,,,0.25,"1""",Nickel,,,,,,,Keystone Electronics,1947,1947K-ND,,,,1.06
part,FF_STANDOFF_1/2_IN,1,MECH?,STANDOFF,HOLE_125_RND_250,"Female-female .5"" between board .25"" wide 4-40 thread aluminum standoff",,,,,,0.25,0.5,Aluminum,,,,,,,Keystone Electronics,2203,2203K-ND,,,,0.403
part,INSULATED_STANDOFF,4,MECH?,STANDOFF,HOLE_125_RND_250,Insulated standoffs - 10mm height,,,,,,,,,,,,,,,Radio Shack,276-1381,,,,,2.99
part,LED_MOUNT,2,MECH?,LED_MOUNT,..,T-1.75 Panel mount LED holder,,,,,,,,,,,,,,,Radio Shack,276-080,,,,,1.49
part,MF_PIN_MALE,1,MECH?,PIN_MALE,..,Molex Micro-Fit power connector male pin,,,,,,,,,,,,,,,Molex,430310002,WM1127CT-ND,,,,0.13
part,MF_PIN_FEMALE,1,MECH?,PIN_FEMALE,..,Molex Micro-Fit 2-position power connector female receptacle,,,,,,,,,,,,,,,Molex,430300002,WM1125CT-ND,,,,0.13
part,PC_BOARD,1,MECH?,PC_BOARD,..,Generic PC board,,,,,,,,,,,,,,,,,,,,,
part,PC_BOARD_DUAL_213,1,MECH?,PC_BOARD,..,Dual mini PC board  213 solder-ringed holes .1 in pitch 1.75 in x 3.625 in,,,,,,,,,,,,,,,Radio Shack,276-148,,,,,1.99
part,PC_BOARD_356,1,MECH?,PC_BOARD,..,PC Board  356 solder-ringed holes .1 in pitch 1-27/32x3-27/32,,,,,,,,,,,,,,,Radio Shack,276-149,,,,,1.99
part,PC_BOARD_412,1,MECH?,PC_BOARD,..,PC Board  412 solder-ringed holes .1 in pitch power rails 1.875x2.875,,,,,,,,,,,,,,,Radio Shack,276-150,,,,,1.99
part,PC_BOARD_550,1,MECH?,PC_BOARD,..,PC Board  550 solder-ringed holes .1 in pitch power rails 2-1/16x6-1/16,,,,,,,,,,,,,,,Radio Shack,276-170,,,,,3.49
part,PC_BOARD_750,1,MECH?,PC_BOARD,..,PC Board  750 solder-ringed holes .1 in pitch 2-3/4x3-1/16,,,,,,,,,,,,,,,Radio Shack,276-158,,,,,3.49
part,PC_BOARD_780,1,MECH?,PC_BOARD,..,PC Board  780 solder-ringed holes .1 in pitch 2-13/16 x 3-3/4 in,,,,,,,,,,,,,,,Radio Shack,276-168,,,,,3.49
part,PC_BOARD_2200,1,MECH?,PC_BOARD,..,PC Board  2200 solder-ringed holes .1 in pitch 4.5 x 6.625 in,,,,,,,,,,,,,,,Radio Shack,276-147,,,,,4.49
part,PCB,1,MECH?,PCB,..,Custom printed circuit board,,,,,,,,,,,,,,,,,,,,,
part,PANEL,1,MECH?,PANEL,..,Custom or generic front panel,,,,,,,,,,,,,,,,,,,,,
part,HEATSINK_TO_220,1,MECH?,HEATSINK,..,TO-220 Heat sink,,,,,,,,,,,,,,,,,,,,,
part,HEATSINK_TO_3,1,MECH?,HEATSINK,..,TO-3 Heat Sink,,,,,,,,,,,,,,,,,,,,,
part,SCREW_4_40_1/4_IN,1,MECH?,SCREW,,"4-40 thread .25"" screw",,,,,,,,,,,,,,,,,,,,,
part,DIP_8_SOCKET,1,MECH?,DIP_8,,DIP Socket - 4 pin open frame,,,,,,,,,,,,,,,3M,4808-3000-CP,3M5461-ND,,,,0.21
part,6x1_HDR,1,H?,HDR_6_1,,"6x1 .1 in pitch through-hole male header .266"" contact length",,,,,,,,,,,,,,,Molex,90120-0126,WM8076-ND,,,,0.62
part,8x1_HDR,1,H?,HDR_8_1,,"8x1 .1 in pitch through-hole male header .266"" contact length",,,,,,,,,,,,,,,Molex,90120-0128,WM8078-ND,,,,0.82
part,25x2_HDR,1,H?,HDR_25_2,,"25x2 .1 in pitch through-hole male header .266"" contact length",,,,,,,,,,,,,,,Molex,90131-0145,WM8135-ND,,,,5.34
part,RUBBER_FEET_SQ,4,H?,Rubber_Feet,,Square tapered rubber feet with adhesive backing,,,,,0.81,0.81,0.3,Rubber,,,,,,,3M,SJ-5523 (BLACK),SJ5523-0-ND,,,,1.13
part,HDR_50_MALE_BREAKAWAY,1,H?,BREAKAWAY_HDR,,,,,,,,,,,Black,,,,,,Sullivan Connector Solutions,PBC25DAAN,S2011E-25-ND,,,,2.4
header,Name,PPP,Ref,Symbol,Package,Description,,Usage,Datasheet,Picture,,,,,,,,,,,,,,,,,
part,PIN_MALE,1,PIN?,PIN_MALE,,Male pin for cablemount housing,,,,,,,,,,,,,,,,,,,,,
header,Name,PPP,Ref,Symbol,Package,Description,,Type,Pin or Socket,Contact Termination,Wire Gauge,Contact Finish,Manufacturer,Manufacturer Part Number,Digi-Key Part Number,Min Quantity,Price per min,,,,,,,,,,
part,PIN_MALE_1POS,1,MECH?,PIN_MALE,NA,CONN PIN 22-26AWG TIN CRIMP,,-,Pin,Crimp,22-26 AWG,Tin,Tyco Electronics,5-102107-3,A33420-ND,10,0.331,,,,,,,,,,
header,Name,PPP,Ref,Symbol,Package,Description,,Type,Pin or Socket,Contact Termination,Wire Gauge,Contact Finish,Manufacturer,Manufacturer Part Number,Digi-Key Part Number,Min Quantity,Price per min,,,,,,,,,,
part,PIN_FEMALE_1POS,1,MECH?,PIN_FEMALE,NA,CONN SOCKET 22-26AWG TIN CRIMP,,-,Socket,Crimp,22-26 AWG,Tin,Tyco Electronics,87667-3,A3000-ND,10,0.287,,,,,,,,,,
header,Name,PPP,Ref,Symbol,Package,Description,,Color,Number of Positions,Number of Rows,Row Spacing,Pitch,Contact Type,Contact Termination,Color,Manufacturer,Manufacturer Part Number,Digi-Key Part Number,Min Quantity,Price per min,,,,,,,
part,HOUSING_1_POS,1,MECH?,HOUSING_1_POS,NA,CONN HOUSING 1POS .100 SINGLE,,Black,1,1,-,"0.100"" (2.54mm)",Female Socket,Crimp,Black,Tyco Electronics,7-87499-2,A26962-ND,1,0.35,,,,,,,
library,Assemblies,,,,,,,,,,,,,,,,,,,,,,,,,,
header,Name,PPP,Ref,Symbol,Package,Description,,Usage,Datasheet,Picture,,,,,,,,,,,Manufacturer,Manufacturer Part,Digi-Key Part,Newark Part,Mouser Part,Sparkfun Part,Cost
part,Arduino Mega,1,U?,ARDUINO_MEGA,ARDUINO_MEGA,A uC development board based on the ATMega1280 uC,,,,,,,,,,,,,,,Smart Projects,Arduino Mega,,,,DEV-09152,64.95
part,Arduino MegaShield Kit,1,U?,PCB,,A shield for the Arduino mega that has prototyping space,,,,,,,,,,,,,,,Sparkfun,DEV-09346,,,,DEV-09346,17.95
library,sm_Passives,,,,,,,,,,,,,,,,,,,,,,,,,,
header,Name,PPP,Ref,Symbol,Package,Description,,Resistance In Ohms,Tolerance,Size / Dimension,Manufacturer,Manufacturer Part Number,Digi-Key Part Number,Min Quantity,Price per min,,,,,,,,,,,,
part,R_1K6_1206,1,R?,R,1206,RES 1.6K OHM 1/4W 5% 1206 SMD,,1.60K,5%,"0.126"" L x 0.063"" W (3.20mm x 1.60mm)",Panasonic - ECG,ERJ-8GEYJ162V,P1.6KECT-ND,1,0.06,,,,,,,,,,,,
header,Name,PPP,Ref,Symbol,Package,Description,,Resistance In Ohms,Tolerance,Size / Dimension,Manufacturer,Manufacturer Part Number,Digi-Key Part Number,Min Quantity,Price per min,,,,,,,,,,,,
part,R_10K_0603,1,R?,R,603,RES 10K OHM .25W 5% 0603 SMD,,10.0K,5%,"0.063"" L x 0.033"" W (1.60mm x 0.85mm)",Vishay/Dale,CRCW060310K0JNEAHP,541-10KSACT-ND,10,0.188,,,,,,,,,,,,
header,Name,PPP,Ref,Symbol,Package,Description,,Manufacturer,Manufacturer Part Number,Digi-Key Part Number,Min Quantity,Price per min,,,,,,,,,,,,,,,
part,PTC_1A5_1206,1,R?,PTC,1206,POLYSWITCH 1.50A RESET FUSE SMD,,Tyco Electronics,NANOSMDC150F-2,NANOSMDC150FCT-ND,1,0.44,,,
header,Name,PPP,Ref,Symbol,Package,Description,,Resistance In Ohms,Tolerance,Size / Dimension,Manufacturer,Manufacturer Part Number,Digi-Key Part Number,Min Quantity,Price per min
part,R_10K_1206,1,R?,R,1206,RES 10K OHM 1/4W 5% 1206 SMD,,10.0K,5%,"0.126"" L x 0.063"" W (3.20mm x 1.60mm)",Panasonic - ECG,ERJ-8GEYJ103V,P10KECT-ND,1,0.06
library,sm_Semiconductors,,,,,,,,,,,,,,
header,Name,PPP,Ref,Symbol,Package,Description,,Color,Forward Voltage,Color,Manufacturer,Manufacturer Part Number,Digi-Key Part Number,Min Quantity,Price per min
part,LED_RED_0603,1,D?,LED,603,LED SMARTLED 630NM RED 0603 SMD,,Red,1.8V,Red,OSRAM Opto Semiconductors Inc,LS L29K-G1J2-1-0-2-R18-Z,475-2506-1-ND,1,0.15
header,Name,PPP,Ref,Symbol,Package,Description,,Color,Forward Voltage,Color,Manufacturer,Manufacturer Part Number,Digi-Key Part Number,Min Quantity,Price per min
part,LED_GREEN_0603,1,D?,LED,603,LED SMARTLED GREEN 570NM 0603,,Green,1.7V,Green,OSRAM Opto Semiconductors Inc,LG L29K-G2J1-24-Z,475-2709-1-ND,1,0.16
library,gen_uC_Picaxe,,,,,,,,,,,,,,
header,Name,PPP,Ref,Symbol,Package,Description,,Usage,Datasheet,Picture,,,,,
part,PICAXE-08,1,U?,PICAXE-08,,,,,,,,,,,
part,PICAXE-08M,1,U?,PICAXE-08M,,,,,,,,,,,
part,PICAXE-14M,1,U?,PICAXE-14M,,,,,,,,,,,
part,PICAXE-18,1,U?,PICAXE-18,,,,,,,,,,,
part,PICAXE-18A,1,U?,PICAXE-18A,,,,,,,,,,,
part,PICAXE-28A,1,U?,PICAXE-28A,,,,,,,,,,,
part,PICAXE-28X,1,U?,PICAXE-28X,,,,,,,,,,,,
part,PICAXE-28X1,1,U?,PICAXE-28X1,,,,,,,,,,,,
part,PICAXE-28X2,1,U?,PICAXE-28X2,,,,,,,,,,,,
library,th_ICs,,,,,,,,,,,,,,,
header,Name,PPP,Ref,Symbol,Package,Description,,Voltage - Supply,Operating Temperature,Type,Interface,Manufacturer,Manufacturer Part Number,Digi-Key Part Number,Min Quantity,Price per min
part,RTC_DS1337,1,U?,DS1227_DIP,8DIP300,IC RTC SERIAL 2WIRE LP 8-DIP,,1.8 V ~ 5.5 V,-40C ~ 85C,Clock/Calendar/Alarm,IC 2-Wire Serial,Maxim Integrated Products,DS1337+,DS1337+-ND,1,2.73
header,Name,PPP,Ref,Symbol,Package,Description,,Voltage - Supply,Manufacturer,Manufacturer Part Number,Digi-Key Part Number,Min Quantity,Price per min,,,
part,ENCODER,1,U?,EVE-JBBF2020B,EVE-2JJB2020B,ENCODER ROTARY 12MM 20PPR W/SW,,-,Panasonic - ECG,EVE-JBBF2020B,P12336-ND,1,1.57,,,
end,,,,,,,,,,,,,,,,
